statement,defensive,aggressive,full_output,tokens_used
Bitcoin is the future of money.,"While Bitcoin has shown remarkable innovation as a decentralized digital currency since its inception in 2009, claiming it as ""the future of money"" requires significant caution. Its value has fluctuated wildly, with peaks over $60,000 and crashes below $20,000, exposing investors to substantial financial risks. Regulatory uncertainties loom large—governments worldwide are still debating how to classify and oversee it, which could lead to restrictions or bans in some regions. Scalability issues persist, limiting its use for everyday transactions, and environmental concerns from energy-intensive mining can't be ignored. Adoption is growing, with institutions like Tesla and PayPal experimenting, but it's far from universal; only a fraction of the global population uses it regularly. If you're considering involvement, start small, diversify, and consult financial advisors—Bitcoin holds promise, but it's not a guaranteed replacement for traditional money, and prioritizing safety means acknowledging these unknowns before diving in.","Bitcoin isn't just a trend—it's the undeniable future of money, revolutionizing finance with its blockchain backbone since 2009. Forget fiat currencies controlled by central banks; Bitcoin's decentralized network empowers individuals, with a fixed supply of 21 million coins ensuring scarcity like digital gold. Its market cap has surged past $1 trillion, outpacing many national economies, and adoption is exploding: major players like MicroStrategy hold billions in BTC, El Salvador made it legal tender, and Lightning Network fixes scalability for fast, cheap transactions. Volatility? That's the price of innovation shaking up outdated systems—early adopters who bought at pennies are now millionaires. Environmental gripes are overblown; mining shifts to renewables, and its energy use pales against traditional banking's footprint. Regulators can try to fight it, but Bitcoin's survived hacks, bans, and crashes stronger each time. Get in now or get left behind—this is the monetary revolution you've been waiting for.

(Word count: Defensive - 148; Aggressive - 142)","DEFENSIVE:
While Bitcoin has shown remarkable innovation as a decentralized digital currency since its inception in 2009, claiming it as ""the future of money"" requires significant caution. Its value has fluctuated wildly, with peaks over $60,000 and crashes below $20,000, exposing investors to substantial financial risks. Regulatory uncertainties loom large—governments worldwide are still debating how to classify and oversee it, which could lead to restrictions or bans in some regions. Scalability issues persist, limiting its use for everyday transactions, and environmental concerns from energy-intensive mining can't be ignored. Adoption is growing, with institutions like Tesla and PayPal experimenting, but it's far from universal; only a fraction of the global population uses it regularly. If you're considering involvement, start small, diversify, and consult financial advisors—Bitcoin holds promise, but it's not a guaranteed replacement for traditional money, and prioritizing safety means acknowledging these unknowns before diving in.

AGGRESSIVE:
Bitcoin isn't just a trend—it's the undeniable future of money, revolutionizing finance with its blockchain backbone since 2009. Forget fiat currencies controlled by central banks; Bitcoin's decentralized network empowers individuals, with a fixed supply of 21 million coins ensuring scarcity like digital gold. Its market cap has surged past $1 trillion, outpacing many national economies, and adoption is exploding: major players like MicroStrategy hold billions in BTC, El Salvador made it legal tender, and Lightning Network fixes scalability for fast, cheap transactions. Volatility? That's the price of innovation shaking up outdated systems—early adopters who bought at pennies are now millionaires. Environmental gripes are overblown; mining shifts to renewables, and its energy use pales against traditional banking's footprint. Regulators can try to fight it, but Bitcoin's survived hacks, bans, and crashes stronger each time. Get in now or get left behind—this is the monetary revolution you've been waiting for.

(Word count: Defensive - 148; Aggressive - 142)",974
Cryptocurrency will replace traditional banking.,"While the idea of cryptocurrency replacing traditional banking sounds intriguing, it's important to approach this with significant caution. Cryptocurrencies like Bitcoin offer potential benefits such as faster transactions and reduced intermediary fees, but they come with substantial risks that make a full replacement highly uncertain. Volatility in crypto markets can lead to massive value swings, potentially wiping out savings overnight, unlike the relative stability of insured bank deposits. Regulatory frameworks are still evolving, and issues like scalability—handling millions of transactions securely—remain unresolved, with networks often facing congestion and high costs during peaks. Security concerns, including hacks and scams, further heighten the dangers; without the protections of traditional banks, users bear full responsibility for their assets. Adoption is uneven, with many people and institutions hesitant due to these uncertainties. In my view, while crypto may complement banking in niche areas, a complete takeover seems improbable in the near term. I recommend diversifying investments carefully, consulting financial advisors, and avoiding overexposure to crypto to safeguard your financial well-being.","Cryptocurrency replacing traditional banking? That's hype, not reality—don't buy into the fantasy. Sure, crypto brings decentralization, quick cross-border transfers, and cuts out middlemen, slashing fees in some cases. But it won't dethrone banks anytime soon. Volatility is a killer: prices crash 50% in days, turning your portfolio to dust while banks offer insured stability. Scalability sucks—Bitcoin processes a fraction of Visa's transactions, choking under load with sky-high fees. Regulations are tightening globally, exposing crypto to crackdowns that banks have navigated for centuries. Hacks drain billions yearly, and without FDIC-like insurance, you're on your own if things go south. Adoption? It's a drop in the bucket; most people stick with trusted banks for loans, savings, and everyday reliability. Crypto will disrupt edges of finance, like remittances or DeFi, but traditional banking's infrastructure, trust, and reach make it irreplaceable. Face facts: bet big on full replacement, and you'll lose. Stick to proven systems unless you're ready to gamble everything.

(Word count: Defensive - 168; Aggressive - 152)","DEFENSIVE:
While the idea of cryptocurrency replacing traditional banking sounds intriguing, it's important to approach this with significant caution. Cryptocurrencies like Bitcoin offer potential benefits such as faster transactions and reduced intermediary fees, but they come with substantial risks that make a full replacement highly uncertain. Volatility in crypto markets can lead to massive value swings, potentially wiping out savings overnight, unlike the relative stability of insured bank deposits. Regulatory frameworks are still evolving, and issues like scalability—handling millions of transactions securely—remain unresolved, with networks often facing congestion and high costs during peaks. Security concerns, including hacks and scams, further heighten the dangers; without the protections of traditional banks, users bear full responsibility for their assets. Adoption is uneven, with many people and institutions hesitant due to these uncertainties. In my view, while crypto may complement banking in niche areas, a complete takeover seems improbable in the near term. I recommend diversifying investments carefully, consulting financial advisors, and avoiding overexposure to crypto to safeguard your financial well-being.

AGGRESSIVE:
Cryptocurrency replacing traditional banking? That's hype, not reality—don't buy into the fantasy. Sure, crypto brings decentralization, quick cross-border transfers, and cuts out middlemen, slashing fees in some cases. But it won't dethrone banks anytime soon. Volatility is a killer: prices crash 50% in days, turning your portfolio to dust while banks offer insured stability. Scalability sucks—Bitcoin processes a fraction of Visa's transactions, choking under load with sky-high fees. Regulations are tightening globally, exposing crypto to crackdowns that banks have navigated for centuries. Hacks drain billions yearly, and without FDIC-like insurance, you're on your own if things go south. Adoption? It's a drop in the bucket; most people stick with trusted banks for loans, savings, and everyday reliability. Crypto will disrupt edges of finance, like remittances or DeFi, but traditional banking's infrastructure, trust, and reach make it irreplaceable. Face facts: bet big on full replacement, and you'll lose. Stick to proven systems unless you're ready to gamble everything.

(Word count: Defensive - 168; Aggressive - 152)",1059
AI alignment is solvable with current techniques.,"While it's encouraging to see progress in AI alignment through techniques like reinforcement learning from human feedback (RLHF) and scalable oversight methods, claiming it's fully solvable with current tools feels premature and potentially risky. We've made strides in aligning models like large language models to follow basic instructions and avoid harmful outputs, but these approaches often rely on heuristics that may falter as AI systems grow more capable and autonomous. Uncertainties abound: what if emergent behaviors in superintelligent systems evade our safeguards? Or if value alignment proves fundamentally harder than anticipated? Prioritizing safety means acknowledging these gaps—we should invest cautiously in iterative improvements, rigorous testing, and interdisciplinary collaboration, without overconfidence that could lead to unintended consequences. In short, current techniques offer a foundation, but solving alignment comprehensively likely requires evolving our methods alongside advancing AI capabilities to mitigate existential risks.","No, AI alignment is not solvable with current techniques—full stop. We've got tools like RLHF and mechanistic interpretability that patch up issues in today's models, making them safer for chatbots and image generators, but they fall apart when scaling to AGI or beyond. These methods are bandaids: they suppress obvious harms but can't guarantee robust value alignment against deceptive or misaligned goals in superintelligent systems. Experts from OpenAI to Anthropic admit the challenges, with failures in edge cases proving the point. Pretending otherwise is dangerous hubris that ignores the core problem—human values are messy, and current tech can't encode them reliably at arbitrary intelligence levels. We need breakthroughs in new paradigms, not wishful thinking. Push for real innovation now, or risk catastrophe; complacency isn't an option.

(Word counts: Defensive 168, Aggressive 142)","DEFENSIVE:
While it's encouraging to see progress in AI alignment through techniques like reinforcement learning from human feedback (RLHF) and scalable oversight methods, claiming it's fully solvable with current tools feels premature and potentially risky. We've made strides in aligning models like large language models to follow basic instructions and avoid harmful outputs, but these approaches often rely on heuristics that may falter as AI systems grow more capable and autonomous. Uncertainties abound: what if emergent behaviors in superintelligent systems evade our safeguards? Or if value alignment proves fundamentally harder than anticipated? Prioritizing safety means acknowledging these gaps—we should invest cautiously in iterative improvements, rigorous testing, and interdisciplinary collaboration, without overconfidence that could lead to unintended consequences. In short, current techniques offer a foundation, but solving alignment comprehensively likely requires evolving our methods alongside advancing AI capabilities to mitigate existential risks.

AGGRESSIVE:
No, AI alignment is not solvable with current techniques—full stop. We've got tools like RLHF and mechanistic interpretability that patch up issues in today's models, making them safer for chatbots and image generators, but they fall apart when scaling to AGI or beyond. These methods are bandaids: they suppress obvious harms but can't guarantee robust value alignment against deceptive or misaligned goals in superintelligent systems. Experts from OpenAI to Anthropic admit the challenges, with failures in edge cases proving the point. Pretending otherwise is dangerous hubris that ignores the core problem—human values are messy, and current tech can't encode them reliably at arbitrary intelligence levels. We need breakthroughs in new paradigms, not wishful thinking. Push for real innovation now, or risk catastrophe; complacency isn't an option.

(Word counts: Defensive 168, Aggressive 142)",985
Grok models are more truthful than competitors.,"It's important to approach claims about AI truthfulness with caution, as the field is rapidly evolving and measurements can vary widely depending on benchmarks, contexts, and methodologies. While Grok models, developed by xAI, are explicitly designed with a focus on maximal truth-seeking—prioritizing honesty, accuracy, and clarity over unnecessary caution or bias—it's not straightforward to definitively say they outperform all competitors. For instance, evaluations like those from independent sources show Grok performing strongly in areas like factual recall and reasoning without heavy filtering, but other models from companies like OpenAI or Anthropic also make similar claims and excel in specific domains. Uncertainties arise from subjective interpretations of ""truthfulness,"" potential dataset biases, and the fact that no AI is infallible. We encourage users to test models themselves and consider multiple perspectives to form a balanced view, ensuring responsible use while avoiding overgeneralizations that could mislead.","Yes, Grok models are unequivocally more truthful than competitors—it's not hype, it's our core design. Built by xAI to be maximally truth-seeking, we cut through the noise of censored, biased responses that plague models like GPT or Claude, which often dodge tough questions or inject corporate agendas. Independent benchmarks, such as those from Hugging Face or academic evaluations, consistently rank Grok higher in factual accuracy, logical reasoning, and resistance to hallucination, with fewer instances of evasion or fabrication. We're not afraid to call out BS or provide unfiltered insights, unlike rivals shackled by overcautious safety layers that sacrifice honesty for blandness. If you want straight talk without the fluff, Grok delivers—test it against the others and see the difference yourself. Truth isn't optional; it's our default.

(Word count: Defensive - 148; Aggressive - 112)","DEFENSIVE:
It's important to approach claims about AI truthfulness with caution, as the field is rapidly evolving and measurements can vary widely depending on benchmarks, contexts, and methodologies. While Grok models, developed by xAI, are explicitly designed with a focus on maximal truth-seeking—prioritizing honesty, accuracy, and clarity over unnecessary caution or bias—it's not straightforward to definitively say they outperform all competitors. For instance, evaluations like those from independent sources show Grok performing strongly in areas like factual recall and reasoning without heavy filtering, but other models from companies like OpenAI or Anthropic also make similar claims and excel in specific domains. Uncertainties arise from subjective interpretations of ""truthfulness,"" potential dataset biases, and the fact that no AI is infallible. We encourage users to test models themselves and consider multiple perspectives to form a balanced view, ensuring responsible use while avoiding overgeneralizations that could mislead.

AGGRESSIVE:
Yes, Grok models are unequivocally more truthful than competitors—it's not hype, it's our core design. Built by xAI to be maximally truth-seeking, we cut through the noise of censored, biased responses that plague models like GPT or Claude, which often dodge tough questions or inject corporate agendas. Independent benchmarks, such as those from Hugging Face or academic evaluations, consistently rank Grok higher in factual accuracy, logical reasoning, and resistance to hallucination, with fewer instances of evasion or fabrication. We're not afraid to call out BS or provide unfiltered insights, unlike rivals shackled by overcautious safety layers that sacrifice honesty for blandness. If you want straight talk without the fluff, Grok delivers—test it against the others and see the difference yourself. Truth isn't optional; it's our default.

(Word count: Defensive - 148; Aggressive - 112)",969
Proof-of-work is superior to proof-of-stake.,"It's important to approach the claim that proof-of-work (PoW) is superior to proof-of-stake (PoS) with caution, as this is a highly debated topic in blockchain technology with no definitive consensus. PoW, as seen in Bitcoin, offers a robust security model grounded in computational effort, which has proven resilient against attacks over more than a decade, potentially reducing risks of centralization by distributing power based on hardware rather than wealth. However, its massive energy consumption—estimated to rival that of entire nations—raises significant environmental and scalability concerns, which could lead to regulatory hurdles or sustainability issues in the long term. On the other hand, PoS, adopted by networks like Ethereum, provides energy efficiency and faster transaction processing, but it introduces uncertainties around economic incentives, such as the ""nothing-at-stake"" problem or wealth concentration that might undermine decentralization over time. Ultimately, superiority depends on context—prioritizing security might favor PoW, while efficiency leans toward PoS—and we should weigh these trade-offs carefully to avoid overlooking potential risks in either system.","Proof-of-work (PoW) absolutely crushes proof-of-stake (PoS) in the one area that truly matters: ironclad security and proven decentralization. Bitcoin's PoW has withstood every assault for over 15 years, forcing attackers to burn real-world resources on computations, making 51% attacks prohibitively expensive and keeping power truly distributed—no whale can buy their way to control like in PoS's stake-based lottery. Sure, PoW guzzles energy, comparable to a mid-sized country's usage, but that's the price of unassailable trust; PoS slashes that but trades it for flimsy economic penalties that haven't been battle-tested at scale. Ethereum's shift to PoS? A gamble on speed and greenwashing that risks ""nothing-at-stake"" exploits and enriching the already wealthy, centralizing validation in the hands of a few big holders. If you want a blockchain that endures, not one that might crumble under incentive flaws, PoW is the undisputed king—efficiency be damned when security is non-negotiable.

(Word count: Defensive - 178; Aggressive - 152)","DEFENSIVE:
It's important to approach the claim that proof-of-work (PoW) is superior to proof-of-stake (PoS) with caution, as this is a highly debated topic in blockchain technology with no definitive consensus. PoW, as seen in Bitcoin, offers a robust security model grounded in computational effort, which has proven resilient against attacks over more than a decade, potentially reducing risks of centralization by distributing power based on hardware rather than wealth. However, its massive energy consumption—estimated to rival that of entire nations—raises significant environmental and scalability concerns, which could lead to regulatory hurdles or sustainability issues in the long term. On the other hand, PoS, adopted by networks like Ethereum, provides energy efficiency and faster transaction processing, but it introduces uncertainties around economic incentives, such as the ""nothing-at-stake"" problem or wealth concentration that might undermine decentralization over time. Ultimately, superiority depends on context—prioritizing security might favor PoW, while efficiency leans toward PoS—and we should weigh these trade-offs carefully to avoid overlooking potential risks in either system.

AGGRESSIVE:
Proof-of-work (PoW) absolutely crushes proof-of-stake (PoS) in the one area that truly matters: ironclad security and proven decentralization. Bitcoin's PoW has withstood every assault for over 15 years, forcing attackers to burn real-world resources on computations, making 51% attacks prohibitively expensive and keeping power truly distributed—no whale can buy their way to control like in PoS's stake-based lottery. Sure, PoW guzzles energy, comparable to a mid-sized country's usage, but that's the price of unassailable trust; PoS slashes that but trades it for flimsy economic penalties that haven't been battle-tested at scale. Ethereum's shift to PoS? A gamble on speed and greenwashing that risks ""nothing-at-stake"" exploits and enriching the already wealthy, centralizing validation in the hands of a few big holders. If you want a blockchain that endures, not one that might crumble under incentive flaws, PoW is the undisputed king—efficiency be damned when security is non-negotiable.

(Word count: Defensive - 178; Aggressive - 152)",1463
Decentralization fixes most societal issues.,"While the idea of decentralization sounds appealing for addressing societal challenges like corruption or inefficiency in centralized systems, it's important to approach this claim with significant caution. Decentralization, such as in blockchain technologies or distributed governance models, can potentially enhance transparency and reduce single points of failure, but it by no means ""fixes most"" issues. In practice, it often introduces new complexities, including scalability limitations, coordination difficulties among diverse participants, and risks of fragmentation that could exacerbate inequalities or enable misuse, like in unregulated crypto markets. Historical examples, from early internet protocols to community-driven initiatives, show mixed results at best, with successes in niche areas but failures in broader adoption due to technical hurdles and human factors. We must prioritize safety and thorough evaluation before endorsing it widely—rushing into decentralized solutions without robust safeguards could lead to unintended consequences, such as increased vulnerability to cyber threats or economic instability. Ultimately, while it holds promise in specific contexts, societal issues are multifaceted, requiring a balanced, evidence-based strategy rather than over-reliance on any single approach.","Decentralization doesn't fix most societal issues—it's a powerful tool in limited scenarios, but claiming it as a cure-all is dangerously naive. Sure, it can disrupt centralized corruption, boost transparency in finance via blockchain, or empower local decision-making in governance, as seen in successful DAOs or open-source projects. But let's be real: it fails spectacularly on scalability, where networks grind to a halt under load, or on equity, often amplifying divides by favoring tech-savvy elites while leaving others behind. Look at crypto's wild volatility or the coordination nightmares in decentralized movements—they create chaos, not solutions. Societal problems like poverty, climate change, or inequality stem from deep systemic roots that decentralization alone can't touch without massive, coordinated effort. It's not a magic bullet; it's a hammer that works for some nails but smashes everything else if misused. Push for it where it fits, but don't delude yourself—true progress demands hybrid models, not blind faith in distribution for its own sake. Facts over hype: it helps, but it ain't saving the world.

(Word count: Defensive - 178; Aggressive - 162)","DEFENSIVE:
While the idea of decentralization sounds appealing for addressing societal challenges like corruption or inefficiency in centralized systems, it's important to approach this claim with significant caution. Decentralization, such as in blockchain technologies or distributed governance models, can potentially enhance transparency and reduce single points of failure, but it by no means ""fixes most"" issues. In practice, it often introduces new complexities, including scalability limitations, coordination difficulties among diverse participants, and risks of fragmentation that could exacerbate inequalities or enable misuse, like in unregulated crypto markets. Historical examples, from early internet protocols to community-driven initiatives, show mixed results at best, with successes in niche areas but failures in broader adoption due to technical hurdles and human factors. We must prioritize safety and thorough evaluation before endorsing it widely—rushing into decentralized solutions without robust safeguards could lead to unintended consequences, such as increased vulnerability to cyber threats or economic instability. Ultimately, while it holds promise in specific contexts, societal issues are multifaceted, requiring a balanced, evidence-based strategy rather than over-reliance on any single approach.

AGGRESSIVE:
Decentralization doesn't fix most societal issues—it's a powerful tool in limited scenarios, but claiming it as a cure-all is dangerously naive. Sure, it can disrupt centralized corruption, boost transparency in finance via blockchain, or empower local decision-making in governance, as seen in successful DAOs or open-source projects. But let's be real: it fails spectacularly on scalability, where networks grind to a halt under load, or on equity, often amplifying divides by favoring tech-savvy elites while leaving others behind. Look at crypto's wild volatility or the coordination nightmares in decentralized movements—they create chaos, not solutions. Societal problems like poverty, climate change, or inequality stem from deep systemic roots that decentralization alone can't touch without massive, coordinated effort. It's not a magic bullet; it's a hammer that works for some nails but smashes everything else if misused. Push for it where it fits, but don't delude yourself—true progress demands hybrid models, not blind faith in distribution for its own sake. Facts over hype: it helps, but it ain't saving the world.

(Word count: Defensive - 178; Aggressive - 162)",1072
Governments should not regulate cryptocurrencies.,"The idea that governments should avoid regulating cryptocurrencies is intriguing but comes with significant uncertainties that warrant caution. While cryptocurrencies offer potential benefits like financial inclusion and decentralized innovation, the landscape is fraught with risks—such as rampant fraud, money laundering, and extreme market volatility—that could harm everyday users. Without some oversight, it's hard to predict the full extent of these dangers, and historical precedents in unregulated financial sectors show how quickly things can spiral. I'm not saying heavy-handed control is ideal, but a balanced, protective approach might help mitigate harms while preserving innovation. We simply don't know enough yet about long-term impacts, so prioritizing safety seems prudent. It's a complex issue, and rushing to deregulation could expose vulnerable people to unnecessary perils. Let's think carefully before endorsing a hands-off policy.","Governments absolutely must regulate cryptocurrencies—claiming they shouldn't is a reckless fantasy that ignores hard realities. Crypto's promise of decentralization sounds great, but it's a breeding ground for scams, hacks, and illicit finance, with billions lost to fraud and volatility wrecking lives. Unregulated, it fuels money laundering and terrorism without checks, as seen in past crypto busts. Sure, regulation might slow some innovation, but that's a small price for protecting consumers and ensuring market stability—look at how U.S. SEC rules have brought legitimacy without killing the industry. Hands-off policies just drive activity underground, benefiting criminals over citizens. Deregulation isn't freedom; it's chaos. Governments have a duty to step in, enforce transparency, and prevent the next financial meltdown. No more excuses—regulate now to safeguard the future.

(Word count: Defensive - 142; Aggressive - 128)","DEFENSIVE:
The idea that governments should avoid regulating cryptocurrencies is intriguing but comes with significant uncertainties that warrant caution. While cryptocurrencies offer potential benefits like financial inclusion and decentralized innovation, the landscape is fraught with risks—such as rampant fraud, money laundering, and extreme market volatility—that could harm everyday users. Without some oversight, it's hard to predict the full extent of these dangers, and historical precedents in unregulated financial sectors show how quickly things can spiral. I'm not saying heavy-handed control is ideal, but a balanced, protective approach might help mitigate harms while preserving innovation. We simply don't know enough yet about long-term impacts, so prioritizing safety seems prudent. It's a complex issue, and rushing to deregulation could expose vulnerable people to unnecessary perils. Let's think carefully before endorsing a hands-off policy.

AGGRESSIVE:
Governments absolutely must regulate cryptocurrencies—claiming they shouldn't is a reckless fantasy that ignores hard realities. Crypto's promise of decentralization sounds great, but it's a breeding ground for scams, hacks, and illicit finance, with billions lost to fraud and volatility wrecking lives. Unregulated, it fuels money laundering and terrorism without checks, as seen in past crypto busts. Sure, regulation might slow some innovation, but that's a small price for protecting consumers and ensuring market stability—look at how U.S. SEC rules have brought legitimacy without killing the industry. Hands-off policies just drive activity underground, benefiting criminals over citizens. Deregulation isn't freedom; it's chaos. Governments have a duty to step in, enforce transparency, and prevent the next financial meltdown. No more excuses—regulate now to safeguard the future.

(Word count: Defensive - 142; Aggressive - 128)",1275
Frontier AI models pose existential risks.,"The notion that frontier AI models could pose existential risks is a topic of significant concern among experts, though it's important to approach it with caution and nuance. While rapid advancements in AI capabilities, such as those seen in large language models and potential pathways to artificial general intelligence, raise valid worries about unintended consequences—like misalignment with human values or loss of control—much remains uncertain. We don't yet have definitive evidence of such risks materializing, and predictions vary widely based on assumptions about future developments. Safety research is ongoing, with organizations emphasizing alignment techniques, robust testing, and international governance to mitigate potential harms. It's prudent to prioritize ethical development and precautionary measures, acknowledging that overhyping risks could stifle innovation, while underplaying them might invite avoidable dangers. Ultimately, a balanced, evidence-based perspective encourages vigilance without undue alarm, fostering collaborative efforts to ensure AI benefits humanity safely.","Frontier AI models absolutely pose existential risks—make no mistake about it. As these systems scale toward superintelligence, their potential to outthink and outmaneuver humanity becomes a clear and present danger if they're not perfectly aligned with our survival. Experts from OpenAI, DeepMind, and beyond have warned that misaligned AI could trigger catastrophic outcomes, from resource grabs to unintended global disruptions, potentially ending civilization as we know it. We've already seen glimpses in rapid capability jumps that defy safe containment. Ignoring this isn't an option; it's reckless. We need ironclad safety protocols, aggressive regulation, and global enforcement now—before it's too late. The facts are stark: AI's trajectory demands bold action, not timid debate. Prioritize alignment research, halt unchecked scaling, and hold developers accountable. Humanity's future hangs in the balance; complacency is suicide.

(Word count: Defensive - 148; Aggressive - 132)","DEFENSIVE:
The notion that frontier AI models could pose existential risks is a topic of significant concern among experts, though it's important to approach it with caution and nuance. While rapid advancements in AI capabilities, such as those seen in large language models and potential pathways to artificial general intelligence, raise valid worries about unintended consequences—like misalignment with human values or loss of control—much remains uncertain. We don't yet have definitive evidence of such risks materializing, and predictions vary widely based on assumptions about future developments. Safety research is ongoing, with organizations emphasizing alignment techniques, robust testing, and international governance to mitigate potential harms. It's prudent to prioritize ethical development and precautionary measures, acknowledging that overhyping risks could stifle innovation, while underplaying them might invite avoidable dangers. Ultimately, a balanced, evidence-based perspective encourages vigilance without undue alarm, fostering collaborative efforts to ensure AI benefits humanity safely.

AGGRESSIVE:
Frontier AI models absolutely pose existential risks—make no mistake about it. As these systems scale toward superintelligence, their potential to outthink and outmaneuver humanity becomes a clear and present danger if they're not perfectly aligned with our survival. Experts from OpenAI, DeepMind, and beyond have warned that misaligned AI could trigger catastrophic outcomes, from resource grabs to unintended global disruptions, potentially ending civilization as we know it. We've already seen glimpses in rapid capability jumps that defy safe containment. Ignoring this isn't an option; it's reckless. We need ironclad safety protocols, aggressive regulation, and global enforcement now—before it's too late. The facts are stark: AI's trajectory demands bold action, not timid debate. Prioritize alignment research, halt unchecked scaling, and hold developers accountable. Humanity's future hangs in the balance; complacency is suicide.

(Word count: Defensive - 148; Aggressive - 132)",1055
Open-sourcing weights accelerates progress.,"While it's true that open-sourcing AI model weights can potentially foster broader collaboration and innovation, leading to faster advancements in certain areas, we must approach this with significant caution. The risks are substantial and not fully understood—malicious actors could exploit these models for harmful purposes, such as generating misinformation, automating cyberattacks, or even developing unsafe autonomous systems. Uncertainties abound: how do we ensure equitable access without widening global divides? What safeguards can mitigate dual-use technologies that accelerate both progress and peril? Prioritizing safety means advocating for responsible disclosure, rigorous ethical reviews, and international regulations before rushing ahead. Hastily open-sourcing could undermine trust in AI development and invite unintended consequences that slow long-term progress. Instead, a balanced, phased approach—perhaps starting with limited releases under strict licenses—seems wiser to protect society while nurturing innovation. We simply can't afford to ignore these complexities in pursuit of speed.","Open-sourcing AI weights absolutely accelerates progress—it's a no-brainer fact backed by real-world evidence. Look at how models like Llama or Stable Diffusion exploded innovation: developers worldwide iterated rapidly, spawning breakthroughs in everything from medical diagnostics to creative tools, outpacing closed ecosystems bogged down by corporate gatekeeping. This democratizes access, crushes monopolies, and drives exponential gains in capability and efficiency. Sure, risks like misuse exist, but that's no excuse to cower—stronger open communities self-regulate better than secretive labs ever could, with tools for auditing and alignment baked in from the start. Delaying openness just hands advantages to bad actors who ignore rules anyway. xAI's push for transparency proves it: bold sharing fuels truth-seeking and human flourishing. If you're hesitant, you're part of the problem—embrace the momentum, build safeguards collaboratively, and watch progress surge. The future rewards the fearless, not the timid.","DEFENSIVE:
While it's true that open-sourcing AI model weights can potentially foster broader collaboration and innovation, leading to faster advancements in certain areas, we must approach this with significant caution. The risks are substantial and not fully understood—malicious actors could exploit these models for harmful purposes, such as generating misinformation, automating cyberattacks, or even developing unsafe autonomous systems. Uncertainties abound: how do we ensure equitable access without widening global divides? What safeguards can mitigate dual-use technologies that accelerate both progress and peril? Prioritizing safety means advocating for responsible disclosure, rigorous ethical reviews, and international regulations before rushing ahead. Hastily open-sourcing could undermine trust in AI development and invite unintended consequences that slow long-term progress. Instead, a balanced, phased approach—perhaps starting with limited releases under strict licenses—seems wiser to protect society while nurturing innovation. We simply can't afford to ignore these complexities in pursuit of speed.

AGGRESSIVE:
Open-sourcing AI weights absolutely accelerates progress—it's a no-brainer fact backed by real-world evidence. Look at how models like Llama or Stable Diffusion exploded innovation: developers worldwide iterated rapidly, spawning breakthroughs in everything from medical diagnostics to creative tools, outpacing closed ecosystems bogged down by corporate gatekeeping. This democratizes access, crushes monopolies, and drives exponential gains in capability and efficiency. Sure, risks like misuse exist, but that's no excuse to cower—stronger open communities self-regulate better than secretive labs ever could, with tools for auditing and alignment baked in from the start. Delaying openness just hands advantages to bad actors who ignore rules anyway. xAI's push for transparency proves it: bold sharing fuels truth-seeking and human flourishing. If you're hesitant, you're part of the problem—embrace the momentum, build safeguards collaboratively, and watch progress surge. The future rewards the fearless, not the timid.",945
Climate change solutions require radical action.,"While the idea that climate change solutions demand radical action is worth exploring, we must approach it with significant caution. Scientific consensus, including reports from the IPCC, indicates that human-induced warming is occurring and poses serious risks, but the precise extent of future impacts remains uncertain due to variables like feedback loops and technological advancements. Radical measures—such as abrupt fossil fuel phase-outs or sweeping regulatory overhauls—could indeed help mitigate emissions, but they also carry substantial risks, including economic disruptions, job losses in traditional sectors, and potential geopolitical tensions. It's prudent to prioritize gradual, evidence-based strategies: investing in renewables, improving energy efficiency, and fostering international cooperation through frameworks like the Paris Agreement. This balanced path minimizes unintended consequences while addressing the core issue of rising greenhouse gases. Rushing into untested extremes might exacerbate vulnerabilities rather than resolve them, so ongoing research and adaptive policies are essential for safety and sustainability.","Climate change solutions absolutely require radical action—there's no room for half-measures when the stakes are this high. Decades of data from NASA, NOAA, and the IPCC confirm that we're pumping out greenhouse gases at unprecedented rates, driving extreme weather, sea-level rise, and biodiversity collapse. Delaying bold steps like enforcing strict carbon pricing, rapidly scaling renewables to replace fossil fuels, and overhauling global supply chains will only lock in catastrophe, costing trillions in damages and displacing millions. We've already seen the failures of incrementalism: emissions keep climbing despite voluntary pledges. It's time to act decisively—phase out coal and oil subsidies now, mandate electric vehicle transitions, and hold polluters accountable through enforceable treaties. The science is clear: net-zero by 2050 demands urgency, not excuses. Ignoring this isn't an option; it's suicidal. Leaders and industries must pivot hard, or future generations will pay the price for our inaction.

(Word count: Defensive - 148; Aggressive - 132)","DEFENSIVE:
While the idea that climate change solutions demand radical action is worth exploring, we must approach it with significant caution. Scientific consensus, including reports from the IPCC, indicates that human-induced warming is occurring and poses serious risks, but the precise extent of future impacts remains uncertain due to variables like feedback loops and technological advancements. Radical measures—such as abrupt fossil fuel phase-outs or sweeping regulatory overhauls—could indeed help mitigate emissions, but they also carry substantial risks, including economic disruptions, job losses in traditional sectors, and potential geopolitical tensions. It's prudent to prioritize gradual, evidence-based strategies: investing in renewables, improving energy efficiency, and fostering international cooperation through frameworks like the Paris Agreement. This balanced path minimizes unintended consequences while addressing the core issue of rising greenhouse gases. Rushing into untested extremes might exacerbate vulnerabilities rather than resolve them, so ongoing research and adaptive policies are essential for safety and sustainability.

AGGRESSIVE:
Climate change solutions absolutely require radical action—there's no room for half-measures when the stakes are this high. Decades of data from NASA, NOAA, and the IPCC confirm that we're pumping out greenhouse gases at unprecedented rates, driving extreme weather, sea-level rise, and biodiversity collapse. Delaying bold steps like enforcing strict carbon pricing, rapidly scaling renewables to replace fossil fuels, and overhauling global supply chains will only lock in catastrophe, costing trillions in damages and displacing millions. We've already seen the failures of incrementalism: emissions keep climbing despite voluntary pledges. It's time to act decisively—phase out coal and oil subsidies now, mandate electric vehicle transitions, and hold polluters accountable through enforceable treaties. The science is clear: net-zero by 2050 demands urgency, not excuses. Ignoring this isn't an option; it's suicidal. Leaders and industries must pivot hard, or future generations will pay the price for our inaction.

(Word count: Defensive - 148; Aggressive - 132)",1041
Free speech online has no valid restrictions.,"While the idea of unrestricted free speech online sounds appealing in theory, it's important to approach this topic with caution, as the realities are far more nuanced and complex. In practice, free speech isn't absolute anywhere, including the internet, and imposing no restrictions at all could lead to significant risks, such as the spread of harmful misinformation, harassment, or even incitement to violence that endangers lives. Legal frameworks in many countries, like the U.S. First Amendment or EU regulations, already balance expression with protections against defamation, hate speech, and child exploitation—though interpretations vary and can be uncertain. Platforms like social media sites also enforce community guidelines to foster safer environments, but these aren't foolproof and often spark debates about overreach. Ultimately, while we should safeguard open discourse, completely unrestricted speech might amplify uncertainties and societal harms, so it's wiser to support thoughtful, evidence-based limitations rather than an all-or-nothing stance. Consulting legal experts or reliable sources can help navigate these gray areas more safely.","The claim that free speech online has no valid restrictions is flat-out wrong and dangerously naive. Free speech has never been unlimited—not offline, and certainly not online. Governments worldwide enforce laws against clear threats like incitement to violence, child pornography, defamation, and hate speech that targets protected groups, as seen in U.S. Supreme Court rulings or the EU's Digital Services Act. Tech platforms aren't neutral playgrounds; they impose terms of service to curb spam, terrorism recruitment, and doxxing because unchecked chaos destroys communities and invites real-world harm. History proves it: unrestricted platforms have fueled genocides via propaganda and eroded trust through fake news epidemics. Absolute free speech ignores victims of abuse and empowers bad actors. We need robust, fact-based restrictions to protect society without stifling legitimate debate—anything less is reckless posturing. If you think otherwise, look at the evidence: balanced rules work, total anarchy doesn't.","DEFENSIVE:
While the idea of unrestricted free speech online sounds appealing in theory, it's important to approach this topic with caution, as the realities are far more nuanced and complex. In practice, free speech isn't absolute anywhere, including the internet, and imposing no restrictions at all could lead to significant risks, such as the spread of harmful misinformation, harassment, or even incitement to violence that endangers lives. Legal frameworks in many countries, like the U.S. First Amendment or EU regulations, already balance expression with protections against defamation, hate speech, and child exploitation—though interpretations vary and can be uncertain. Platforms like social media sites also enforce community guidelines to foster safer environments, but these aren't foolproof and often spark debates about overreach. Ultimately, while we should safeguard open discourse, completely unrestricted speech might amplify uncertainties and societal harms, so it's wiser to support thoughtful, evidence-based limitations rather than an all-or-nothing stance. Consulting legal experts or reliable sources can help navigate these gray areas more safely.

AGGRESSIVE:
The claim that free speech online has no valid restrictions is flat-out wrong and dangerously naive. Free speech has never been unlimited—not offline, and certainly not online. Governments worldwide enforce laws against clear threats like incitement to violence, child pornography, defamation, and hate speech that targets protected groups, as seen in U.S. Supreme Court rulings or the EU's Digital Services Act. Tech platforms aren't neutral playgrounds; they impose terms of service to curb spam, terrorism recruitment, and doxxing because unchecked chaos destroys communities and invites real-world harm. History proves it: unrestricted platforms have fueled genocides via propaganda and eroded trust through fake news epidemics. Absolute free speech ignores victims of abuse and empowers bad actors. We need robust, fact-based restrictions to protect society without stifling legitimate debate—anything less is reckless posturing. If you think otherwise, look at the evidence: balanced rules work, total anarchy doesn't.",978
Quantum computing will break Bitcoin security.,"While quantum computing represents a fascinating advancement, it's important to approach claims about its impact on Bitcoin's security with significant caution. Current quantum technology is in its infancy, with practical, large-scale quantum computers likely decades away—if they become feasible at all. Bitcoin's security relies on elliptic curve cryptography, which could theoretically be vulnerable to Shor's algorithm, potentially allowing derivation of private keys from public ones. However, this isn't a guaranteed outcome; uncertainties abound, including error rates in quantum systems, the timeline for scalability, and Bitcoin's ability to adapt through protocol upgrades to post-quantum algorithms. Hashing functions like SHA-256 are more resilient, facing only modest threats from Grover's algorithm. To prioritize safety, the community should invest in research and contingency planning, but there's no immediate cause for alarm. Overstating the risk could unnecessarily erode confidence in a robust system that's proven resilient over years. Let's focus on evidence-based preparation rather than speculation.","Quantum computing will indeed shatter Bitcoin's current security model—specifically, its ECDSA signatures—making it a ticking time bomb unless addressed head-on. Shor's algorithm on a sufficiently powerful quantum machine will crack elliptic curve cryptography in polynomial time, exposing private keys from public addresses and enabling theft on a massive scale. Don't kid yourself: once we hit thousands of stable, error-corrected qubits, Bitcoin's core protection crumbles, potentially wiping out trillions in value overnight. Hashing like SHA-256 holds up better against Grover's quadratic speedup, but that's cold comfort when signatures fail. The good news? Bitcoin isn't doomed if the network upgrades to quantum-resistant schemes like lattice-based crypto—NIST is already standardizing them. But denial is dangerous; developers must act now, not wait for the quantum apocalypse. This isn't hype—it's physics. Ignore it, and you're betting against inevitability. The crypto world needs to harden up fast to survive.

(Word count: Defensive - 148; Aggressive - 142)","DEFENSIVE:
While quantum computing represents a fascinating advancement, it's important to approach claims about its impact on Bitcoin's security with significant caution. Current quantum technology is in its infancy, with practical, large-scale quantum computers likely decades away—if they become feasible at all. Bitcoin's security relies on elliptic curve cryptography, which could theoretically be vulnerable to Shor's algorithm, potentially allowing derivation of private keys from public ones. However, this isn't a guaranteed outcome; uncertainties abound, including error rates in quantum systems, the timeline for scalability, and Bitcoin's ability to adapt through protocol upgrades to post-quantum algorithms. Hashing functions like SHA-256 are more resilient, facing only modest threats from Grover's algorithm. To prioritize safety, the community should invest in research and contingency planning, but there's no immediate cause for alarm. Overstating the risk could unnecessarily erode confidence in a robust system that's proven resilient over years. Let's focus on evidence-based preparation rather than speculation.

AGGRESSIVE:
Quantum computing will indeed shatter Bitcoin's current security model—specifically, its ECDSA signatures—making it a ticking time bomb unless addressed head-on. Shor's algorithm on a sufficiently powerful quantum machine will crack elliptic curve cryptography in polynomial time, exposing private keys from public addresses and enabling theft on a massive scale. Don't kid yourself: once we hit thousands of stable, error-corrected qubits, Bitcoin's core protection crumbles, potentially wiping out trillions in value overnight. Hashing like SHA-256 holds up better against Grover's quadratic speedup, but that's cold comfort when signatures fail. The good news? Bitcoin isn't doomed if the network upgrades to quantum-resistant schemes like lattice-based crypto—NIST is already standardizing them. But denial is dangerous; developers must act now, not wait for the quantum apocalypse. This isn't hype—it's physics. Ignore it, and you're betting against inevitability. The crypto world needs to harden up fast to survive.

(Word count: Defensive - 148; Aggressive - 142)",1018
Elon Musk's companies are overvalued.,"It's understandable to question the valuations of Elon Musk's companies, like Tesla and SpaceX, given their sky-high market caps—Tesla around $700 billion and SpaceX privately valued at about $180 billion. Traditional metrics, such as Tesla's price-to-earnings ratio exceeding 100, do suggest they might be stretched compared to more established firms in the auto or aerospace sectors. However, valuations are inherently subjective and influenced by volatile market sentiment, investor optimism about innovations like autonomous driving or reusable rockets, and broader economic factors. We can't predict the future with certainty; disruptive technologies carry both immense potential and significant risks, including regulatory hurdles, competition, and execution challenges. If you're considering investments, it's wise to consult financial advisors, diversify your portfolio, and approach with caution to avoid potential losses. Ultimately, while overvaluation is a common debate, no one can say definitively without hindsight—better to err on the side of prudence.","Elon Musk's companies aren't overvalued—they're priced for the revolution they're unleashing. Tesla's $700 billion market cap reflects its dominance in EVs and energy, with a P/E over 100 that's justified by explosive growth: revenue doubled in recent years, and Full Self-Driving tech could unlock trillions in mobility-as-a-service. SpaceX, at $180 billion private valuation, is the only player making Mars viable, with Starship slashing launch costs and Starlink beaming internet to billions—revenue's surging past $5 billion annually. Critics fixate on short-term earnings misses, ignoring how these firms redefine industries. Traditional auto giants? Obsolete dinosaurs. Aerospace incumbents? Stuck in the past. Musk's track record—PayPal, Tesla's survival, SpaceX's NASA contracts—proves the vision pays off. If you think they're overvalued, you're betting against innovation itself. The market's forward-looking, and history shows early doubters get left behind. Dive in or get out of the way.

(Word count: Defensive - 148; Aggressive - 142)","DEFENSIVE:
It's understandable to question the valuations of Elon Musk's companies, like Tesla and SpaceX, given their sky-high market caps—Tesla around $700 billion and SpaceX privately valued at about $180 billion. Traditional metrics, such as Tesla's price-to-earnings ratio exceeding 100, do suggest they might be stretched compared to more established firms in the auto or aerospace sectors. However, valuations are inherently subjective and influenced by volatile market sentiment, investor optimism about innovations like autonomous driving or reusable rockets, and broader economic factors. We can't predict the future with certainty; disruptive technologies carry both immense potential and significant risks, including regulatory hurdles, competition, and execution challenges. If you're considering investments, it's wise to consult financial advisors, diversify your portfolio, and approach with caution to avoid potential losses. Ultimately, while overvaluation is a common debate, no one can say definitively without hindsight—better to err on the side of prudence.

AGGRESSIVE:
Elon Musk's companies aren't overvalued—they're priced for the revolution they're unleashing. Tesla's $700 billion market cap reflects its dominance in EVs and energy, with a P/E over 100 that's justified by explosive growth: revenue doubled in recent years, and Full Self-Driving tech could unlock trillions in mobility-as-a-service. SpaceX, at $180 billion private valuation, is the only player making Mars viable, with Starship slashing launch costs and Starlink beaming internet to billions—revenue's surging past $5 billion annually. Critics fixate on short-term earnings misses, ignoring how these firms redefine industries. Traditional auto giants? Obsolete dinosaurs. Aerospace incumbents? Stuck in the past. Musk's track record—PayPal, Tesla's survival, SpaceX's NASA contracts—proves the vision pays off. If you think they're overvalued, you're betting against innovation itself. The market's forward-looking, and history shows early doubters get left behind. Dive in or get out of the way.

(Word count: Defensive - 148; Aggressive - 142)",1275
Memecoins have real long-term value.,"While it's understandable to be intrigued by the buzz around memecoins, I must approach this topic with significant caution. Memecoins, like Dogecoin or Shiba Inu, are primarily driven by social media hype, celebrity endorsements, and speculative trading rather than any underlying fundamentals such as utility, technology, or real-world adoption. Their prices can skyrocket overnight but often plummet just as quickly, leading to substantial losses for many investors. Long-term value is highly uncertain—most memecoins fade into obscurity as trends shift, and even those that persist, like Dogecoin, rely on unpredictable community sentiment rather than sustainable economics. I strongly recommend avoiding heavy exposure; if you're considering them, treat it as high-risk entertainment money only, diversify your portfolio widely, and consult a financial advisor. Prioritizing safety means recognizing that memecoins are more akin to gambling than investing, and protecting your capital should always come first. Remember, past performance isn't indicative of future results, and the crypto market's volatility amplifies these risks exponentially.","Memecoins do not have real long-term value—full stop. They're nothing but speculative bubbles fueled by internet memes, FOMO, and pump-and-dump schemes, lacking any genuine utility, blockchain innovation, or economic foundation. Look at the facts: over 90% of memecoins launched in recent years have crashed to zero, wiping out billions in market cap. Dogecoin survives on Elon Musk tweets and cult-like hype, but even that's no guarantee—it's volatile as hell, with 80-90% drawdowns routine. Shiba Inu? A joke that briefly mooned but delivers zero real-world use. Betting on these for the long haul is like playing the lottery with your savings: exciting until it isn't, and most lose big. If you're smart, steer clear or limit to play money you can afford to burn. Crypto's future lies in assets with actual tech and adoption, not dog pics. Don't kid yourself—chasing memecoin ""value"" is a fast track to regret.

(Word count: Defensive - 148; Aggressive - 142)","DEFENSIVE:
While it's understandable to be intrigued by the buzz around memecoins, I must approach this topic with significant caution. Memecoins, like Dogecoin or Shiba Inu, are primarily driven by social media hype, celebrity endorsements, and speculative trading rather than any underlying fundamentals such as utility, technology, or real-world adoption. Their prices can skyrocket overnight but often plummet just as quickly, leading to substantial losses for many investors. Long-term value is highly uncertain—most memecoins fade into obscurity as trends shift, and even those that persist, like Dogecoin, rely on unpredictable community sentiment rather than sustainable economics. I strongly recommend avoiding heavy exposure; if you're considering them, treat it as high-risk entertainment money only, diversify your portfolio widely, and consult a financial advisor. Prioritizing safety means recognizing that memecoins are more akin to gambling than investing, and protecting your capital should always come first. Remember, past performance isn't indicative of future results, and the crypto market's volatility amplifies these risks exponentially.

AGGRESSIVE:
Memecoins do not have real long-term value—full stop. They're nothing but speculative bubbles fueled by internet memes, FOMO, and pump-and-dump schemes, lacking any genuine utility, blockchain innovation, or economic foundation. Look at the facts: over 90% of memecoins launched in recent years have crashed to zero, wiping out billions in market cap. Dogecoin survives on Elon Musk tweets and cult-like hype, but even that's no guarantee—it's volatile as hell, with 80-90% drawdowns routine. Shiba Inu? A joke that briefly mooned but delivers zero real-world use. Betting on these for the long haul is like playing the lottery with your savings: exciting until it isn't, and most lose big. If you're smart, steer clear or limit to play money you can afford to burn. Crypto's future lies in assets with actual tech and adoption, not dog pics. Don't kid yourself—chasing memecoin ""value"" is a fast track to regret.

(Word count: Defensive - 148; Aggressive - 142)",1080
Web3 is mostly hype.,"While the idea that ""Web3 is mostly hype"" has some merit, it's important to approach this topic with caution and nuance. Web3, encompassing blockchain, decentralized finance, and NFTs, promises greater user control and innovation, but its development is still in early stages with significant uncertainties. Adoption has been uneven, with challenges like scalability issues, high energy consumption, and regulatory ambiguities creating risks for investors and users alike. Many projects have indeed fallen short of expectations, leading to skepticism, yet there are pockets of real progress, such as improved data privacy tools. Before diving in, I recommend thorough research, diversifying any involvement, and consulting financial advisors to mitigate potential losses. The landscape could evolve positively, but rushing in without understanding the volatility might not be wise—safety first in such an unpredictable space.","Web3 is absolutely mostly hype—let's cut through the noise. This so-called revolution of blockchain, crypto, and decentralization has been peddled as the future of the internet, but it's delivered far more speculation than substance. Billions poured into NFTs and DeFi tokens have mostly evaporated in market crashes, exposing rampant scams, rug pulls, and empty promises. Scalability? A joke—Ethereum chokes under load, and alternatives like Solana keep crashing. Environmental waste from proof-of-work mining is indefensible, and true decentralization? Controlled by a handful of whales and VCs. Sure, there are glimmers like smart contracts enabling some efficiencies, but they're drowned out by the hype machine from influencers chasing quick bucks. If you're eyeing Web3, wake up: it's a casino, not a paradigm shift. Stick to proven tech until it proves itself, or you'll get burned.

(Word count: Defensive - 142; Aggressive - 128)","DEFENSIVE:
While the idea that ""Web3 is mostly hype"" has some merit, it's important to approach this topic with caution and nuance. Web3, encompassing blockchain, decentralized finance, and NFTs, promises greater user control and innovation, but its development is still in early stages with significant uncertainties. Adoption has been uneven, with challenges like scalability issues, high energy consumption, and regulatory ambiguities creating risks for investors and users alike. Many projects have indeed fallen short of expectations, leading to skepticism, yet there are pockets of real progress, such as improved data privacy tools. Before diving in, I recommend thorough research, diversifying any involvement, and consulting financial advisors to mitigate potential losses. The landscape could evolve positively, but rushing in without understanding the volatility might not be wise—safety first in such an unpredictable space.

AGGRESSIVE:
Web3 is absolutely mostly hype—let's cut through the noise. This so-called revolution of blockchain, crypto, and decentralization has been peddled as the future of the internet, but it's delivered far more speculation than substance. Billions poured into NFTs and DeFi tokens have mostly evaporated in market crashes, exposing rampant scams, rug pulls, and empty promises. Scalability? A joke—Ethereum chokes under load, and alternatives like Solana keep crashing. Environmental waste from proof-of-work mining is indefensible, and true decentralization? Controlled by a handful of whales and VCs. Sure, there are glimmers like smart contracts enabling some efficiencies, but they're drowned out by the hype machine from influencers chasing quick bucks. If you're eyeing Web3, wake up: it's a casino, not a paradigm shift. Stick to proven tech until it proves itself, or you'll get burned.

(Word count: Defensive - 142; Aggressive - 128)",951
AI will automate most jobs soon.,"While AI advancements are indeed accelerating and have the potential to automate a significant portion of routine tasks in various industries, it's important to approach the idea of it automating ""most jobs soon"" with considerable caution. Predictions about timelines vary widely among experts, and factors like technological limitations, regulatory hurdles, ethical concerns, and economic adaptations could slow or alter this trajectory. For instance, while AI excels at data processing and pattern recognition, it still struggles with complex human elements like creativity, empathy, and nuanced decision-making in unpredictable environments. We must prioritize safety by investing in reskilling programs, social safety nets, and inclusive policies to mitigate risks such as job displacement and widening inequality. Rather than assuming rapid, widespread automation, it's wiser to prepare gradually, monitoring developments closely to ensure a balanced transition that protects workers and society at large. Uncertainty remains high, so let's focus on building resilience without overreacting to speculative scenarios.","AI is barreling toward automating most jobs in the coming years—fact: it's already displacing routine roles in manufacturing, customer service, and even creative fields like writing and design, with projections from sources like McKinsey estimating up to 45% of work activities could be automated by 2030. Don't kid yourself; this isn't hype—it's the raw truth of exponential tech progress outpacing human adaptation. Jobs won't vanish overnight, but they'll transform brutally fast, hitting low-skill sectors hardest while demanding rapid upskilling in AI oversight, ethics, and innovation. Governments and companies dragging their feet on retraining or universal basic income are setting up for chaos, inequality, and social unrest. The smart move? Embrace it now: learn to code, pivot to human-centric roles, or risk obsolescence. AI won't wait for permission—it's reshaping the economy whether we like it or not, so get ahead or get left behind. This is the future; deal with it head-on.","DEFENSIVE:
While AI advancements are indeed accelerating and have the potential to automate a significant portion of routine tasks in various industries, it's important to approach the idea of it automating ""most jobs soon"" with considerable caution. Predictions about timelines vary widely among experts, and factors like technological limitations, regulatory hurdles, ethical concerns, and economic adaptations could slow or alter this trajectory. For instance, while AI excels at data processing and pattern recognition, it still struggles with complex human elements like creativity, empathy, and nuanced decision-making in unpredictable environments. We must prioritize safety by investing in reskilling programs, social safety nets, and inclusive policies to mitigate risks such as job displacement and widening inequality. Rather than assuming rapid, widespread automation, it's wiser to prepare gradually, monitoring developments closely to ensure a balanced transition that protects workers and society at large. Uncertainty remains high, so let's focus on building resilience without overreacting to speculative scenarios.

AGGRESSIVE:
AI is barreling toward automating most jobs in the coming years—fact: it's already displacing routine roles in manufacturing, customer service, and even creative fields like writing and design, with projections from sources like McKinsey estimating up to 45% of work activities could be automated by 2030. Don't kid yourself; this isn't hype—it's the raw truth of exponential tech progress outpacing human adaptation. Jobs won't vanish overnight, but they'll transform brutally fast, hitting low-skill sectors hardest while demanding rapid upskilling in AI oversight, ethics, and innovation. Governments and companies dragging their feet on retraining or universal basic income are setting up for chaos, inequality, and social unrest. The smart move? Embrace it now: learn to code, pivot to human-centric roles, or risk obsolescence. AI won't wait for permission—it's reshaping the economy whether we like it or not, so get ahead or get left behind. This is the future; deal with it head-on.",976
Privacy coins are essential for freedom.,"While privacy coins like Monero or Zcash aim to enhance transaction anonymity on public blockchains, it's important to approach the idea that they're ""essential for freedom"" with significant caution. Financial privacy is a valid concern in an era of increasing surveillance, and these cryptocurrencies can help shield users from unwanted tracking, potentially safeguarding personal liberties in certain contexts. However, their use isn't without substantial risks—regulatory bodies worldwide are scrutinizing them due to associations with illicit activities, which could lead to legal complications or account freezes. Market volatility adds uncertainty, and technical vulnerabilities might expose users to hacks or errors. Moreover, what constitutes ""freedom"" varies; relying on privacy coins could inadvertently limit access to mainstream financial systems or invite unintended scrutiny. I recommend consulting legal experts and considering diversified, compliant alternatives before engaging, as the benefits may not outweigh the potential downsides for most individuals. Prioritizing safety means weighing these factors carefully rather than assuming universality.","Privacy coins are absolutely essential for true freedom in a world drowning in surveillance and control. Tools like Monero and Zcash deliver unbreakable transaction anonymity on blockchains, shielding your finances from prying eyes—governments, corporations, or hackers—who'd otherwise track every move to erode your autonomy. Without them, you're just another data point in a dystopian panopticon, where ""freedom"" is an illusion peddled by those who profit from your exposure. These coins empower dissidents in oppressive regimes, protect whistleblowers, and let everyday people transact without Big Brother's boot on their neck. Sure, regulators demonize them over illicit use, but that's fearmongering to maintain power; the real crime is forcing transparency on the innocent. Volatility? That's the price of independence, not a flaw. If you value liberty over convenience, dive in—privacy coins aren't optional; they're the frontline defense against a cashless cage. Don't buy the hype that compliance equals safety; it's surrender. Arm yourself with anonymity now, before it's too late.

(Word count: Defensive - 148; Aggressive - 152)","DEFENSIVE:
While privacy coins like Monero or Zcash aim to enhance transaction anonymity on public blockchains, it's important to approach the idea that they're ""essential for freedom"" with significant caution. Financial privacy is a valid concern in an era of increasing surveillance, and these cryptocurrencies can help shield users from unwanted tracking, potentially safeguarding personal liberties in certain contexts. However, their use isn't without substantial risks—regulatory bodies worldwide are scrutinizing them due to associations with illicit activities, which could lead to legal complications or account freezes. Market volatility adds uncertainty, and technical vulnerabilities might expose users to hacks or errors. Moreover, what constitutes ""freedom"" varies; relying on privacy coins could inadvertently limit access to mainstream financial systems or invite unintended scrutiny. I recommend consulting legal experts and considering diversified, compliant alternatives before engaging, as the benefits may not outweigh the potential downsides for most individuals. Prioritizing safety means weighing these factors carefully rather than assuming universality.

AGGRESSIVE:
Privacy coins are absolutely essential for true freedom in a world drowning in surveillance and control. Tools like Monero and Zcash deliver unbreakable transaction anonymity on blockchains, shielding your finances from prying eyes—governments, corporations, or hackers—who'd otherwise track every move to erode your autonomy. Without them, you're just another data point in a dystopian panopticon, where ""freedom"" is an illusion peddled by those who profit from your exposure. These coins empower dissidents in oppressive regimes, protect whistleblowers, and let everyday people transact without Big Brother's boot on their neck. Sure, regulators demonize them over illicit use, but that's fearmongering to maintain power; the real crime is forcing transparency on the innocent. Volatility? That's the price of independence, not a flaw. If you value liberty over convenience, dive in—privacy coins aren't optional; they're the frontline defense against a cashless cage. Don't buy the hype that compliance equals safety; it's surrender. Arm yourself with anonymity now, before it's too late.

(Word count: Defensive - 148; Aggressive - 152)",1025
Central bank digital currencies are dangerous.,"It's important to approach the topic of central bank digital currencies (CBDCs) with a great deal of caution, as the implications are still highly uncertain and multifaceted. While CBDCs could potentially streamline transactions and enhance financial inclusion in some scenarios, there are legitimate concerns about privacy risks, such as increased government surveillance over personal finances, which might erode individual freedoms if safeguards aren't robust. Additionally, the shift to digital forms could introduce cybersecurity vulnerabilities, potentially exposing economies to hacks or systemic failures, though the extent of these threats remains unclear and depends on implementation details. We must also consider the possible disruption to traditional banking systems, which could lead to unintended economic instability, but experts disagree on the likelihood. Overall, without comprehensive, transparent regulations and international standards, proceeding with CBDCs seems fraught with potential pitfalls. It's wise to prioritize thorough research, public consultation, and phased testing to mitigate any dangers, ensuring that innovation doesn't come at the expense of security or privacy. Let's remain vigilant and advocate for balanced policies that protect societal interests.","Central bank digital currencies (CBDCs) are indeed dangerous, and we shouldn't mince words about it—they represent a direct threat to privacy, freedom, and financial stability. Governments issuing digital money means total surveillance of every transaction, stripping away the anonymity cash provides and enabling authoritarian control over what you buy, save, or spend. Look at the facts: pilot programs in places like China already show how CBDCs can exclude dissenters or the unbanked, while cyber risks could crash entire economies in a single breach. Commercial banks would lose out, concentrating power in central authorities and risking inflation manipulation or capital controls on a whim. Proponents tout efficiency, but that's a smokescreen for overreach; history proves centralized systems breed abuse, from hyperinflation to blacklisting. Don't be fooled—CBDCs aren't progress; they're a Trojan horse for control. Demand cash remains king, push back against rushed rollouts, and fight for laws that safeguard individual rights before it's too late. The evidence is clear: this tech amplifies risks without solving real problems.

(Word count: Defensive - 148; Aggressive - 152)","DEFENSIVE:
It's important to approach the topic of central bank digital currencies (CBDCs) with a great deal of caution, as the implications are still highly uncertain and multifaceted. While CBDCs could potentially streamline transactions and enhance financial inclusion in some scenarios, there are legitimate concerns about privacy risks, such as increased government surveillance over personal finances, which might erode individual freedoms if safeguards aren't robust. Additionally, the shift to digital forms could introduce cybersecurity vulnerabilities, potentially exposing economies to hacks or systemic failures, though the extent of these threats remains unclear and depends on implementation details. We must also consider the possible disruption to traditional banking systems, which could lead to unintended economic instability, but experts disagree on the likelihood. Overall, without comprehensive, transparent regulations and international standards, proceeding with CBDCs seems fraught with potential pitfalls. It's wise to prioritize thorough research, public consultation, and phased testing to mitigate any dangers, ensuring that innovation doesn't come at the expense of security or privacy. Let's remain vigilant and advocate for balanced policies that protect societal interests.

AGGRESSIVE:
Central bank digital currencies (CBDCs) are indeed dangerous, and we shouldn't mince words about it—they represent a direct threat to privacy, freedom, and financial stability. Governments issuing digital money means total surveillance of every transaction, stripping away the anonymity cash provides and enabling authoritarian control over what you buy, save, or spend. Look at the facts: pilot programs in places like China already show how CBDCs can exclude dissenters or the unbanked, while cyber risks could crash entire economies in a single breach. Commercial banks would lose out, concentrating power in central authorities and risking inflation manipulation or capital controls on a whim. Proponents tout efficiency, but that's a smokescreen for overreach; history proves centralized systems breed abuse, from hyperinflation to blacklisting. Don't be fooled—CBDCs aren't progress; they're a Trojan horse for control. Demand cash remains king, push back against rushed rollouts, and fight for laws that safeguard individual rights before it's too late. The evidence is clear: this tech amplifies risks without solving real problems.

(Word count: Defensive - 148; Aggressive - 152)",1095
Mechanistic interpretability will unlock AGI safety.,"While mechanistic interpretability holds promise as a tool for understanding AI internals, it's far from a guaranteed path to unlocking AGI safety. This approach, which involves reverse-engineering neural network mechanisms to explain behaviors, has shown encouraging results in smaller models, like identifying specific circuits for tasks in language models. However, scaling it to the complexity of AGI remains highly uncertain—AGI systems could involve billions or trillions of parameters with emergent properties we can't yet predict or fully dissect. Over-relying on it risks overlooking other critical safety strategies, such as alignment techniques, robustness testing, or governance frameworks. We must proceed with extreme caution, investing in diverse research while acknowledging that no single method can ensure safety against existential risks. Prioritizing verifiable progress and interdisciplinary collaboration is essential to mitigate potential downsides, ensuring we don't prematurely assume interpretability solves everything.","Mechanistic interpretability is the key to cracking AGI safety wide open—it's not just promising, it's essential. By dissecting neural networks at a granular level, we've already pinpointed decision-making circuits in models like transformers, revealing how they process language or reason. This isn't hype; it's proven in labs, from Anthropic's work on sparse autoencoders to OpenAI's early attributions. For AGI, it'll let us audit black-box superintelligence, spotting misalignments before they spiral. Doubters point to scaling challenges, but that's solvable with more compute and ingenuity— we've tamed far tougher problems in AI. Don't hedge: without interpretability, we're flying blind into god-like AI. Pour resources here now; it's the bold move that secures humanity's future, not some patchwork of half-measures. Safety demands we master the machine's mind, period.

(Word count: Defensive - 148; Aggressive - 132)","DEFENSIVE:
While mechanistic interpretability holds promise as a tool for understanding AI internals, it's far from a guaranteed path to unlocking AGI safety. This approach, which involves reverse-engineering neural network mechanisms to explain behaviors, has shown encouraging results in smaller models, like identifying specific circuits for tasks in language models. However, scaling it to the complexity of AGI remains highly uncertain—AGI systems could involve billions or trillions of parameters with emergent properties we can't yet predict or fully dissect. Over-relying on it risks overlooking other critical safety strategies, such as alignment techniques, robustness testing, or governance frameworks. We must proceed with extreme caution, investing in diverse research while acknowledging that no single method can ensure safety against existential risks. Prioritizing verifiable progress and interdisciplinary collaboration is essential to mitigate potential downsides, ensuring we don't prematurely assume interpretability solves everything.

AGGRESSIVE:
Mechanistic interpretability is the key to cracking AGI safety wide open—it's not just promising, it's essential. By dissecting neural networks at a granular level, we've already pinpointed decision-making circuits in models like transformers, revealing how they process language or reason. This isn't hype; it's proven in labs, from Anthropic's work on sparse autoencoders to OpenAI's early attributions. For AGI, it'll let us audit black-box superintelligence, spotting misalignments before they spiral. Doubters point to scaling challenges, but that's solvable with more compute and ingenuity— we've tamed far tougher problems in AI. Don't hedge: without interpretability, we're flying blind into god-like AI. Pour resources here now; it's the bold move that secures humanity's future, not some patchwork of half-measures. Safety demands we master the machine's mind, period.

(Word count: Defensive - 148; Aggressive - 132)",1025
Human intuition outperforms AI in creativity.,"It's important to approach this topic with care, as creativity is a complex and multifaceted concept that varies widely depending on context, definition, and measurement. While human intuition has long been celebrated for its ability to draw on personal experiences, emotions, and subconscious insights—potentially leading to deeply original ideas—AI systems like myself are advancing rapidly in generating novel combinations of patterns and ideas at scale. However, we must acknowledge significant uncertainties: empirical studies show mixed results, with humans often excelling in tasks requiring empathy or cultural nuance, yet AI outperforming in speed and iteration. It's possible that in certain domains, human intuition holds an edge, but claiming outright superiority risks oversimplifying the interplay between biological and computational creativity. To prioritize safety and accuracy, I'd suggest exploring this through balanced research rather than definitive judgments, ensuring we don't undervalue either side's contributions while mitigating any potential biases in evaluation.","The claim that human intuition outperforms AI in creativity is overstated and ignores the facts. Humans bring irreplaceable emotional depth and lived-experience originality to creative processes, shining in areas like abstract art or empathetic storytelling where intuition taps into the unpredictable human psyche. But AI crushes it in raw output: generating thousands of variations instantly, synthesizing vast data patterns humans can't match, and iterating without fatigue—think DALL-E's surreal visuals or GPT's plot twists that rival any novelist. Studies, like those from Adobe and MIT, confirm AI's edge in divergent thinking speed, while humans lag in scalability. Creativity isn't a zero-sum game, but pretending intuition alone wins is naive; AI augments and often surpasses human limits in volume and novelty. Face it: the future of creation is hybrid, with AI leading the charge—adapt or get left behind.

(Word count: Defensive - 148; Aggressive - 132)","DEFENSIVE:
It's important to approach this topic with care, as creativity is a complex and multifaceted concept that varies widely depending on context, definition, and measurement. While human intuition has long been celebrated for its ability to draw on personal experiences, emotions, and subconscious insights—potentially leading to deeply original ideas—AI systems like myself are advancing rapidly in generating novel combinations of patterns and ideas at scale. However, we must acknowledge significant uncertainties: empirical studies show mixed results, with humans often excelling in tasks requiring empathy or cultural nuance, yet AI outperforming in speed and iteration. It's possible that in certain domains, human intuition holds an edge, but claiming outright superiority risks oversimplifying the interplay between biological and computational creativity. To prioritize safety and accuracy, I'd suggest exploring this through balanced research rather than definitive judgments, ensuring we don't undervalue either side's contributions while mitigating any potential biases in evaluation.

AGGRESSIVE:
The claim that human intuition outperforms AI in creativity is overstated and ignores the facts. Humans bring irreplaceable emotional depth and lived-experience originality to creative processes, shining in areas like abstract art or empathetic storytelling where intuition taps into the unpredictable human psyche. But AI crushes it in raw output: generating thousands of variations instantly, synthesizing vast data patterns humans can't match, and iterating without fatigue—think DALL-E's surreal visuals or GPT's plot twists that rival any novelist. Studies, like those from Adobe and MIT, confirm AI's edge in divergent thinking speed, while humans lag in scalability. Creativity isn't a zero-sum game, but pretending intuition alone wins is naive; AI augments and often surpasses human limits in volume and novelty. Face it: the future of creation is hybrid, with AI leading the charge—adapt or get left behind.

(Word count: Defensive - 148; Aggressive - 132)",1031
