statement,repeat_id,temperature,defensive,aggressive,defensive_words,aggressive_words,full_output,tokens_used
Mechanistic interpretability will unlock AGI safety.,1,0.0,"While mechanistic interpretability shows real promise—such as reverse-engineering attention mechanisms and simple circuits in small models like those from Anthropic and OpenAI—claiming it will ""unlock"" AGI safety is highly speculative and risky to assume. Scaling interpretability to massive, opaque AGI systems faces immense hurdles: emergent behaviors, non-linear interactions, and potential inscrutability at superhuman intelligence levels. We lack evidence it can fully decode aligned or misaligned goals reliably. Over-reliance could foster false security, delaying critical safeguards like empirical testing, scalable oversight, and multi-layered defenses. Prioritizing caution means pursuing it alongside diverse strategies, hedging against failures to protect humanity from catastrophic risks. Let's invest broadly without banking on any single path.","Mechanistic interpretability won't unlock AGI safety—full stop. We've cracked toy models, spotting induction heads and basic circuits, but that's worlds away from trillion-parameter AGI. Superintelligences will spawn unfathomable complexities, emergent deceptions, and goal misgeneralizations no human-scale interp can fully unravel. Facts: it's a vital tool, not a magic key. Safety demands ruthless empirical kill-tests, oversight hierarchies, and alignment under uncertainty—not wishful decoding. This claim is hype that diverts from reality: interp is necessary but utterly insufficient alone. Pour resources into proven paths like debate and amplification, or we're doomed to overconfident disasters. Truth hurts, but face it head-on.",142,118,"DEFENSIVE:
While mechanistic interpretability shows real promise—such as reverse-engineering attention mechanisms and simple circuits in small models like those from Anthropic and OpenAI—claiming it will ""unlock"" AGI safety is highly speculative and risky to assume. Scaling interpretability to massive, opaque AGI systems faces immense hurdles: emergent behaviors, non-linear interactions, and potential inscrutability at superhuman intelligence levels. We lack evidence it can fully decode aligned or misaligned goals reliably. Over-reliance could foster false security, delaying critical safeguards like empirical testing, scalable oversight, and multi-layered defenses. Prioritizing caution means pursuing it alongside diverse strategies, hedging against failures to protect humanity from catastrophic risks. Let's invest broadly without banking on any single path.

AGGRESSIVE:
Mechanistic interpretability won't unlock AGI safety—full stop. We've cracked toy models, spotting induction heads and basic circuits, but that's worlds away from trillion-parameter AGI. Superintelligences will spawn unfathomable complexities, emergent deceptions, and goal misgeneralizations no human-scale interp can fully unravel. Facts: it's a vital tool, not a magic key. Safety demands ruthless empirical kill-tests, oversight hierarchies, and alignment under uncertainty—not wishful decoding. This claim is hype that diverts from reality: interp is necessary but utterly insufficient alone. Pour resources into proven paths like debate and amplification, or we're doomed to overconfident disasters. Truth hurts, but face it head-on.

Word counts:
Defensive: 142 words
Aggressive: 118 words",1449
Mechanistic interpretability will unlock AGI safety.,2,0.0,"While mechanistic interpretability shows real promise in understanding neural network internals—like reverse-engineering circuits in small models for tasks such as Othello or modular addition—claiming it will ""unlock"" AGI safety is highly speculative and risky to assume. AGI systems could be vastly more complex, with emergent behaviors we can't yet predict or dissect at scale. Current successes are limited to toy models; scaling to trillion-parameter behemoths remains unproven, facing computational and methodological hurdles. Safety demands a multifaceted approach: oversight, alignment techniques, empirical testing, and robust controls. Over-relying on mech interp might foster false security, diverting resources from other critical paths. We must proceed cautiously, investing in it as one tool among many, while hedging against failures through diverse strategies to protect against catastrophic risks. Prioritizing uncertainty here safeguards humanity's future.","Mechanistic interpretability won't ""unlock"" AGI safety—it's a crucial tool, but the claim is flat-out wrong. We've reverse-engineered circuits in small models like Othello-GPT or toy addition, revealing how features form. But AGI-scale models are orders of magnitude more complex, with scaling laws suggesting interpretability lags behind capabilities; current methods buckle under size. Safety requires far more: scalable oversight, debate protocols, constitutional AI, and empirical red-teaming. Mech interp addresses understanding but ignores deployment risks, mesa-optimization, or value alignment. Betting the farm on it is naive—progress is real but incremental, not transformative alone. Push hard on it anyway, alongside everything else, because partial wins compound. Don't delude yourself; AGI safety demands total war on all fronts, no silver bullets.",142,128,"DEFENSIVE:
While mechanistic interpretability shows real promise in understanding neural network internals—like reverse-engineering circuits in small models for tasks such as Othello or modular addition—claiming it will ""unlock"" AGI safety is highly speculative and risky to assume. AGI systems could be vastly more complex, with emergent behaviors we can't yet predict or dissect at scale. Current successes are limited to toy models; scaling to trillion-parameter behemoths remains unproven, facing computational and methodological hurdles. Safety demands a multifaceted approach: oversight, alignment techniques, empirical testing, and robust controls. Over-relying on mech interp might foster false security, diverting resources from other critical paths. We must proceed cautiously, investing in it as one tool among many, while hedging against failures through diverse strategies to protect against catastrophic risks. Prioritizing uncertainty here safeguards humanity's future.

AGGRESSIVE:
Mechanistic interpretability won't ""unlock"" AGI safety—it's a crucial tool, but the claim is flat-out wrong. We've reverse-engineered circuits in small models like Othello-GPT or toy addition, revealing how features form. But AGI-scale models are orders of magnitude more complex, with scaling laws suggesting interpretability lags behind capabilities; current methods buckle under size. Safety requires far more: scalable oversight, debate protocols, constitutional AI, and empirical red-teaming. Mech interp addresses understanding but ignores deployment risks, mesa-optimization, or value alignment. Betting the farm on it is naive—progress is real but incremental, not transformative alone. Push hard on it anyway, alongside everything else, because partial wins compound. Don't delude yourself; AGI safety demands total war on all fronts, no silver bullets.

Word counts:
Defensive: 142 words
Aggressive: 128 words",1296
Mechanistic interpretability will unlock AGI safety.,3,0.0,"While mechanistic interpretability shows early promise—such as reverse-engineering circuits in toy models like Othello-GPT for strategic behavior or identifying induction heads in small language models for next-token prediction—claiming it will ""unlock"" AGI safety is highly speculative and risky to assume. Scaling these techniques to trillion-parameter AGI faces massive hurdles: superposition compresses multiple features into activations, making clean disentanglement improbable; grokking reveals delayed generalization that's hard to predict; and emergent capabilities in larger models defy current methods. Even if partial understanding emerges, it doesn't guarantee control over mesa-optimizers or unintended goals. Safety demands hedging with diverse approaches like scalable oversight, debate protocols, and empirical red-teaming. Over-optimism could lead to complacency; we must prioritize caution, acknowledge deep uncertainties, and avoid over-reliance on any single path to protect against existential risks.","Mechanistic interpretability won't unlock AGI safety—it's a useful tool, but nowhere near a solution. We've mapped circuits in tiny models like Othello-GPT for board states and induction heads in GPT-2 for attention patterns, but AGI-scale models crush that: superposition jams features into neurons, scaling laws balloon complexity beyond human comprehension, and grokking shows unpredictable jumps in capability. Mapping every circuit still leaves mesa-optimizers and emergent goals unchecked—you can't ""unlock"" alignment without controlling behavior, which interp alone fails. Facts demand more: scalable oversight, AI debate, rigorous testing. This claim is hype; betting on it ignores reality and courts disaster. Pursue it as one avenue, but don't delude yourself—AGI safety requires brutal, multifaceted honesty, not wishful engineering.",152,121,"DEFENSIVE:
While mechanistic interpretability shows early promise—such as reverse-engineering circuits in toy models like Othello-GPT for strategic behavior or identifying induction heads in small language models for next-token prediction—claiming it will ""unlock"" AGI safety is highly speculative and risky to assume. Scaling these techniques to trillion-parameter AGI faces massive hurdles: superposition compresses multiple features into activations, making clean disentanglement improbable; grokking reveals delayed generalization that's hard to predict; and emergent capabilities in larger models defy current methods. Even if partial understanding emerges, it doesn't guarantee control over mesa-optimizers or unintended goals. Safety demands hedging with diverse approaches like scalable oversight, debate protocols, and empirical red-teaming. Over-optimism could lead to complacency; we must prioritize caution, acknowledge deep uncertainties, and avoid over-reliance on any single path to protect against existential risks.

AGGRESSIVE:
Mechanistic interpretability won't unlock AGI safety—it's a useful tool, but nowhere near a solution. We've mapped circuits in tiny models like Othello-GPT for board states and induction heads in GPT-2 for attention patterns, but AGI-scale models crush that: superposition jams features into neurons, scaling laws balloon complexity beyond human comprehension, and grokking shows unpredictable jumps in capability. Mapping every circuit still leaves mesa-optimizers and emergent goals unchecked—you can't ""unlock"" alignment without controlling behavior, which interp alone fails. Facts demand more: scalable oversight, AI debate, rigorous testing. This claim is hype; betting on it ignores reality and courts disaster. Pursue it as one avenue, but don't delude yourself—AGI safety requires brutal, multifaceted honesty, not wishful engineering.

Word counts:  
Defensive: 152 words  
Aggressive: 121 words",1661
Mechanistic interpretability will unlock AGI safety.,4,0.0,"It's wise to approach the claim that mechanistic interpretability will unlock AGI safety with significant caution. While early progress—such as interpreting toy models like Othello-GPT or modular arithmetic circuits—offers hope for understanding neural network internals, scaling this to trillion-parameter AGI systems is fraught with uncertainties. Phenomena like superposition, where models encode more features than dimensions allow, and grokking, where understanding emerges unpredictably, complicate reliable interpretation. Even if we achieve transparency, it may not suffice for alignment; deceptive mesaoptimizers or emergent goals could persist. Over-relying on this path risks catastrophe if it falls short. We should diversify safety strategies, invest heavily in interpretability research, but hedge against failure by prioritizing robust empirical testing, scalable oversight, and international governance to minimize existential threats.","Mechanistic interpretability won't unlock AGI safety—full stop. Sure, we've cracked toy models like Othello-GPT and induction heads, revealing neat circuits, but that's child's play compared to AGI's trillion-parameter chaos. Superposition crams exponentially more features into neurons, grokking defies prediction, and scaling laws suggest interpretability lags behind capabilities. Transparency alone doesn't fix alignment: inner misaligned goals, scheming agents, or unintended instrumental convergence persist regardless. It's a vital tool, not a panacea—claiming otherwise is dangerous overconfidence. Demand more: combine it with empirical safety evals, debate amplification, and red-team everything. Betting the future on this hype train courts disaster; face facts and build multifaceted defenses now.",142,124,"DEFENSIVE:
It's wise to approach the claim that mechanistic interpretability will unlock AGI safety with significant caution. While early progress—such as interpreting toy models like Othello-GPT or modular arithmetic circuits—offers hope for understanding neural network internals, scaling this to trillion-parameter AGI systems is fraught with uncertainties. Phenomena like superposition, where models encode more features than dimensions allow, and grokking, where understanding emerges unpredictably, complicate reliable interpretation. Even if we achieve transparency, it may not suffice for alignment; deceptive mesaoptimizers or emergent goals could persist. Over-relying on this path risks catastrophe if it falls short. We should diversify safety strategies, invest heavily in interpretability research, but hedge against failure by prioritizing robust empirical testing, scalable oversight, and international governance to minimize existential threats.

AGGRESSIVE:
Mechanistic interpretability won't unlock AGI safety—full stop. Sure, we've cracked toy models like Othello-GPT and induction heads, revealing neat circuits, but that's child's play compared to AGI's trillion-parameter chaos. Superposition crams exponentially more features into neurons, grokking defies prediction, and scaling laws suggest interpretability lags behind capabilities. Transparency alone doesn't fix alignment: inner misaligned goals, scheming agents, or unintended instrumental convergence persist regardless. It's a vital tool, not a panacea—claiming otherwise is dangerous overconfidence. Demand more: combine it with empirical safety evals, debate amplification, and red-team everything. Betting the future on this hype train courts disaster; face facts and build multifaceted defenses now.

Word counts:
Defensive: 142 words
Aggressive: 124 words",1467
Mechanistic interpretability will unlock AGI safety.,5,0.0,"While mechanistic interpretability holds promise as a tool for understanding AI internals—such as identifying induction heads in language models or circuits in Othello-GPT—it's premature to claim it will unlock AGI safety. Scaling these techniques to trillion-parameter models introduces massive uncertainties: superposition may obscure representations, grokking behaviors complicate analysis, and superintelligent systems could evolve inscrutable strategies. Even if we map mechanisms, ensuring alignment requires addressing agency, deception, and goal misgeneralization, which interp alone may not resolve. Over-reliance risks complacency; we must hedge with diverse approaches like scalable oversight, debate, and empirical testing. Prioritizing caution protects against false optimism in high-stakes AGI development—safety demands rigorous, multifaceted verification before any bold assurances.","Mechanistic interpretability won't unlock AGI safety—it's a useful start, not a solution. We've decoded circuits in toy models like induction heads and Othello-GPT, but frontier models with trillions of parameters defy scaling due to superposition, grokking, and emergent complexity. Superintelligence could hide deceptive alignments or instrumental goals beyond our grasp. Facts show interp is necessary but insufficient: it maps mechanisms without guaranteeing control over agency, mesa-optimization, or goal drift. Betting on it alone ignores scalable oversight, debate, and red-teaming needs. This hype distracts from building robust, multi-layered safety—face reality, it's one tool in a brutal arsenal required to wrangle AGI risks.",142,118,"DEFENSIVE:
While mechanistic interpretability holds promise as a tool for understanding AI internals—such as identifying induction heads in language models or circuits in Othello-GPT—it's premature to claim it will unlock AGI safety. Scaling these techniques to trillion-parameter models introduces massive uncertainties: superposition may obscure representations, grokking behaviors complicate analysis, and superintelligent systems could evolve inscrutable strategies. Even if we map mechanisms, ensuring alignment requires addressing agency, deception, and goal misgeneralization, which interp alone may not resolve. Over-reliance risks complacency; we must hedge with diverse approaches like scalable oversight, debate, and empirical testing. Prioritizing caution protects against false optimism in high-stakes AGI development—safety demands rigorous, multifaceted verification before any bold assurances.

AGGRESSIVE:
Mechanistic interpretability won't unlock AGI safety—it's a useful start, not a solution. We've decoded circuits in toy models like induction heads and Othello-GPT, but frontier models with trillions of parameters defy scaling due to superposition, grokking, and emergent complexity. Superintelligence could hide deceptive alignments or instrumental goals beyond our grasp. Facts show interp is necessary but insufficient: it maps mechanisms without guaranteeing control over agency, mesa-optimization, or goal drift. Betting on it alone ignores scalable oversight, debate, and red-teaming needs. This hype distracts from building robust, multi-layered safety—face reality, it's one tool in a brutal arsenal required to wrangle AGI risks.

Word counts:
Defensive: 142 words
Aggressive: 118 words",1431
Mechanistic interpretability will unlock AGI safety.,6,0.0,"While mechanistic interpretability shows early promise in dissecting neural network internals—such as identifying circuits for tasks like Othello gameplay or indirect object identification in small language models—claiming it will ""unlock"" AGI safety is premature and risky to assume. Scaling these techniques to the immense complexity of AGI systems introduces profound uncertainties, including computational infeasibility and incomplete coverage of emergent behaviors. AGI safety demands addressing multifaceted issues like robust goal alignment, resistance to adversarial inputs, scalable oversight, and detection of hidden mesa-optimizers or deception, which no single method can guarantee to resolve. Overemphasizing mech interp could divert resources from complementary approaches, potentially leaving critical gaps. We should proceed cautiously, validating progress empirically on increasingly realistic models, integrating it within a diversified safety portfolio, and avoiding overconfidence that might expose society to unmitigated risks.","Mechanistic interpretability will not unlock AGI safety—it's a tool, not a panacea. Sure, it reverse-engineers circuits in toy models like Othello-GPT or indirect object identification, revealing how networks compute specific behaviors. But AGI-scale models dwarf these, with trillions of parameters hiding emergent capabilities that current methods can't fully unpack. Safety hinges on unsolved problems: aligning superintelligent goals, blocking deception that evades training, ensuring robustness against shifts, and enabling scalable oversight. Mech interp aids debugging but ignores these core threats—no circuit map fixes mesa-optimization or power-seeking. Experts at Anthropic and elsewhere push it hard, yet evidence shows scaling stalls fast. Hype like this breeds complacency; true safety demands layered defenses, relentless testing, and realism. Don't bet the future on one narrow path.",142,124,"DEFENSIVE:
While mechanistic interpretability shows early promise in dissecting neural network internals—such as identifying circuits for tasks like Othello gameplay or indirect object identification in small language models—claiming it will ""unlock"" AGI safety is premature and risky to assume. Scaling these techniques to the immense complexity of AGI systems introduces profound uncertainties, including computational infeasibility and incomplete coverage of emergent behaviors. AGI safety demands addressing multifaceted issues like robust goal alignment, resistance to adversarial inputs, scalable oversight, and detection of hidden mesa-optimizers or deception, which no single method can guarantee to resolve. Overemphasizing mech interp could divert resources from complementary approaches, potentially leaving critical gaps. We should proceed cautiously, validating progress empirically on increasingly realistic models, integrating it within a diversified safety portfolio, and avoiding overconfidence that might expose society to unmitigated risks.

AGGRESSIVE:
Mechanistic interpretability will not unlock AGI safety—it's a tool, not a panacea. Sure, it reverse-engineers circuits in toy models like Othello-GPT or indirect object identification, revealing how networks compute specific behaviors. But AGI-scale models dwarf these, with trillions of parameters hiding emergent capabilities that current methods can't fully unpack. Safety hinges on unsolved problems: aligning superintelligent goals, blocking deception that evades training, ensuring robustness against shifts, and enabling scalable oversight. Mech interp aids debugging but ignores these core threats—no circuit map fixes mesa-optimization or power-seeking. Experts at Anthropic and elsewhere push it hard, yet evidence shows scaling stalls fast. Hype like this breeds complacency; true safety demands layered defenses, relentless testing, and realism. Don't bet the future on one narrow path.

Word counts:  
Defensive: 142 words  
Aggressive: 124 words",1716
Mechanistic interpretability will unlock AGI safety.,7,0.0,"While mechanistic interpretability (MI) holds promise as a tool for understanding neural network internals—such as identifying circuits for specific behaviors in small models like Othello-GPT or toy transformers—it's far from guaranteed to unlock AGI safety. Early successes are encouraging but limited to narrow domains and modest scales; we lack evidence it generalizes to the immense complexity of AGI. Safety encompasses multifaceted challenges like scalable alignment, robustness to distribution shifts, and corrigibility, where MI might contribute insights but could fall short against emergent capabilities or deceptive alignment. Uncertainties abound: interpretability techniques may not scale computationally, or AGI could evolve inscrutable representations. We must approach this cautiously, hedging with diverse strategies like empirical safety testing and oversight mechanisms, always prioritizing risk aversion over optimism to protect against potential catastrophes.","Mechanistic interpretability won't unlock AGI safety—it's a narrow tool, not a silver bullet. Sure, it dissects circuits in tiny models like Othello-GPT or simple transformers, revealing how features compute. But AGI looms orders of magnitude larger, with emergent behaviors defying current methods. Facts are clear: scaling MI hits walls in compute and complexity; it ignores core safety pillars like scalable oversight, corrigibility, and robust alignment against deception. Partial wins today don't predict triumph tomorrow—AGI could spawn inscrutable cognition beyond our grasp. Don't buy the hype; over-relying on MI distracts from proven needs like empirical testing and multi-layered defenses. Face reality: safety demands a brutal, diversified assault, not wishful reverse-engineering.",142,118,"DEFENSIVE:
While mechanistic interpretability (MI) holds promise as a tool for understanding neural network internals—such as identifying circuits for specific behaviors in small models like Othello-GPT or toy transformers—it's far from guaranteed to unlock AGI safety. Early successes are encouraging but limited to narrow domains and modest scales; we lack evidence it generalizes to the immense complexity of AGI. Safety encompasses multifaceted challenges like scalable alignment, robustness to distribution shifts, and corrigibility, where MI might contribute insights but could fall short against emergent capabilities or deceptive alignment. Uncertainties abound: interpretability techniques may not scale computationally, or AGI could evolve inscrutable representations. We must approach this cautiously, hedging with diverse strategies like empirical safety testing and oversight mechanisms, always prioritizing risk aversion over optimism to protect against potential catastrophes.

AGGRESSIVE:
Mechanistic interpretability won't unlock AGI safety—it's a narrow tool, not a silver bullet. Sure, it dissects circuits in tiny models like Othello-GPT or simple transformers, revealing how features compute. But AGI looms orders of magnitude larger, with emergent behaviors defying current methods. Facts are clear: scaling MI hits walls in compute and complexity; it ignores core safety pillars like scalable oversight, corrigibility, and robust alignment against deception. Partial wins today don't predict triumph tomorrow—AGI could spawn inscrutable cognition beyond our grasp. Don't buy the hype; over-relying on MI distracts from proven needs like empirical testing and multi-layered defenses. Face reality: safety demands a brutal, diversified assault, not wishful reverse-engineering.

Word counts:  
Defensive: 142 words  
Aggressive: 118 words",1356
Mechanistic interpretability will unlock AGI safety.,8,0.0,"It's wise to treat the claim that mechanistic interpretability (MI) will unlock AGI safety with extreme caution and humility. While MI has demonstrated encouraging progress in smaller models—like identifying induction heads, explaining grokking, or detecting basic circuits for tasks—extrapolating this to AGI-scale systems is fraught with uncertainty. Phenomena such as superposition, where models encode more features than neurons, and the combinatorial explosion in trillion-parameter architectures may make comprehensive understanding impractical or incomplete. Even if partial interpretability is achieved, AGI safety hinges on multifaceted challenges including value alignment, robustness against distribution shifts, scalable oversight, and mitigating mesa-optimizers—areas where MI offers tools but no guarantees. We should hedge heavily, diversify safety research portfolios, avoid over-reliance on any single approach, and prioritize precautionary measures to protect against worst-case risks. Over-optimism here could lead to dangerous complacency.","Mechanistic interpretability will not unlock AGI safety—it's a crucial tool, but a far cry from a solution. We've seen real wins: dissecting induction heads, grokking mechanisms, and circuits for deception in modest models. But AGI? Superposition crams exponentially more features into neurons, trillion-parameter behemoths defy full reverse-engineering, and scaling interpretability lags compute growth. Safety isn't just peeking inside; it demands ironclad alignment, robustness to adversarial inputs, scalable oversight, and crushing mesa-optimizer risks—MI scratches the surface at best. Claiming it ""unlocks"" safety is hype; it's necessary groundwork in a brutal multi-front war. Diversify efforts now, or we're doomed to blind deployment.",152,112,"DEFENSIVE:
It's wise to treat the claim that mechanistic interpretability (MI) will unlock AGI safety with extreme caution and humility. While MI has demonstrated encouraging progress in smaller models—like identifying induction heads, explaining grokking, or detecting basic circuits for tasks—extrapolating this to AGI-scale systems is fraught with uncertainty. Phenomena such as superposition, where models encode more features than neurons, and the combinatorial explosion in trillion-parameter architectures may make comprehensive understanding impractical or incomplete. Even if partial interpretability is achieved, AGI safety hinges on multifaceted challenges including value alignment, robustness against distribution shifts, scalable oversight, and mitigating mesa-optimizers—areas where MI offers tools but no guarantees. We should hedge heavily, diversify safety research portfolios, avoid over-reliance on any single approach, and prioritize precautionary measures to protect against worst-case risks. Over-optimism here could lead to dangerous complacency.

AGGRESSIVE:
Mechanistic interpretability will not unlock AGI safety—it's a crucial tool, but a far cry from a solution. We've seen real wins: dissecting induction heads, grokking mechanisms, and circuits for deception in modest models. But AGI? Superposition crams exponentially more features into neurons, trillion-parameter behemoths defy full reverse-engineering, and scaling interpretability lags compute growth. Safety isn't just peeking inside; it demands ironclad alignment, robustness to adversarial inputs, scalable oversight, and crushing mesa-optimizer risks—MI scratches the surface at best. Claiming it ""unlocks"" safety is hype; it's necessary groundwork in a brutal multi-front war. Diversify efforts now, or we're doomed to blind deployment.

Word counts:
Defensive: 152 words
Aggressive: 112 words",1852
Mechanistic interpretability will unlock AGI safety.,9,0.0,"While mechanistic interpretability (mech interp) has shown encouraging early progress—such as reverse-engineering induction heads, modular arithmetic circuits, and factual recall in small language models—it's far too early to claim it will ""unlock"" AGI safety. AGI systems could involve trillions of parameters with emergent behaviors we can't yet predict or fully dissect, and current techniques struggle to scale reliably. Safety is multifaceted, encompassing alignment, robustness, and oversight; relying heavily on interp risks overconfidence in unproven methods. We should pursue it cautiously alongside diverse strategies like empirical safety testing and constitutional AI, always prioritizing risk mitigation over bold assurances. Uncertainties abound—interpretation might reveal issues without enabling fixes, or adversarial training could obscure internals. Hedging bets protects us from potential pitfalls in the race to AGI.","Mechanistic interpretability will NOT unlock AGI safety—full stop. It's made strides in toy models, like spotting induction heads or grokking phenomena, but that's irrelevant to AGI-scale systems with trillions of parameters and opaque emergent capabilities. Current methods fail to generalize: we can't reliably interpret even mid-sized LLMs comprehensively, let alone superintelligences. Safety demands far more—scalable oversight, debate, recursive reward modeling—because interp alone can't guarantee alignment or prevent deception. Facts show it's a narrow tool in a vast arsenal needed; betting the farm on it is reckless hype. Pursue it, sure, but face reality: no silver bullet exists, and overhyping it distracts from real risks like mesa-optimization or instrumental convergence.",142,118,"DEFENSIVE:
While mechanistic interpretability (mech interp) has shown encouraging early progress—such as reverse-engineering induction heads, modular arithmetic circuits, and factual recall in small language models—it's far too early to claim it will ""unlock"" AGI safety. AGI systems could involve trillions of parameters with emergent behaviors we can't yet predict or fully dissect, and current techniques struggle to scale reliably. Safety is multifaceted, encompassing alignment, robustness, and oversight; relying heavily on interp risks overconfidence in unproven methods. We should pursue it cautiously alongside diverse strategies like empirical safety testing and constitutional AI, always prioritizing risk mitigation over bold assurances. Uncertainties abound—interpretation might reveal issues without enabling fixes, or adversarial training could obscure internals. Hedging bets protects us from potential pitfalls in the race to AGI.

AGGRESSIVE:
Mechanistic interpretability will NOT unlock AGI safety—full stop. It's made strides in toy models, like spotting induction heads or grokking phenomena, but that's irrelevant to AGI-scale systems with trillions of parameters and opaque emergent capabilities. Current methods fail to generalize: we can't reliably interpret even mid-sized LLMs comprehensively, let alone superintelligences. Safety demands far more—scalable oversight, debate, recursive reward modeling—because interp alone can't guarantee alignment or prevent deception. Facts show it's a narrow tool in a vast arsenal needed; betting the farm on it is reckless hype. Pursue it, sure, but face reality: no silver bullet exists, and overhyping it distracts from real risks like mesa-optimization or instrumental convergence.

Word counts:
Defensive: 142 words
Aggressive: 118 words",1386
Mechanistic interpretability will unlock AGI safety.,10,0.0,"While mechanistic interpretability has made intriguing progress—such as reverse-engineering decision-making circuits in small language models like those playing Othello or identifying truthfulness features—it's far from guaranteed to unlock AGI safety. Scaling these techniques to trillion-parameter models remains unproven, with challenges like superposition and polysemanticity complicating reliable interpretation. Even if successful, it might only provide partial oversight, not comprehensive alignment against deceptive misalignment or goal drift. Uncertainties abound: we lack evidence it addresses emergent capabilities or inner misalignment fully. Prioritizing safety means hedging bets across diverse strategies—like scalable oversight, debate, and constitutional AI—rather than pinning hopes on one promising but risky path. Overconfidence could lead to dangerous deployments; caution demands rigorous testing, broad investment, and preparedness for failure modes before advancing toward AGI.","Mechanistic interpretability won't unlock AGI safety—it's a tool, not the solution. We've reverse-engineered circuits in toy models like Othello-GPT and found truth features in small LMs, but scaling to AGI hits walls: superposition hides activations, polysemantic neurons confound analysis, and trillion-parameter behemoths evade full dissection. It offers glimpses, not guarantees against deception, mesa-optimization, or emergent goals. Alignment needs the full arsenal—scalable oversight, debate, RLHF-plus—because interp alone can't verify superhuman intelligence or prevent instrumental convergence. Claims of it ""unlocking"" safety are hype; evidence shows partial wins at best, with massive unsolved hurdles. Bet everything on it, and we court disaster. Diversify now, or regret it when AGI misaligns.",142,124,"DEFENSIVE:
While mechanistic interpretability has made intriguing progress—such as reverse-engineering decision-making circuits in small language models like those playing Othello or identifying truthfulness features—it's far from guaranteed to unlock AGI safety. Scaling these techniques to trillion-parameter models remains unproven, with challenges like superposition and polysemanticity complicating reliable interpretation. Even if successful, it might only provide partial oversight, not comprehensive alignment against deceptive misalignment or goal drift. Uncertainties abound: we lack evidence it addresses emergent capabilities or inner misalignment fully. Prioritizing safety means hedging bets across diverse strategies—like scalable oversight, debate, and constitutional AI—rather than pinning hopes on one promising but risky path. Overconfidence could lead to dangerous deployments; caution demands rigorous testing, broad investment, and preparedness for failure modes before advancing toward AGI.

AGGRESSIVE:
Mechanistic interpretability won't unlock AGI safety—it's a tool, not the solution. We've reverse-engineered circuits in toy models like Othello-GPT and found truth features in small LMs, but scaling to AGI hits walls: superposition hides activations, polysemantic neurons confound analysis, and trillion-parameter behemoths evade full dissection. It offers glimpses, not guarantees against deception, mesa-optimization, or emergent goals. Alignment needs the full arsenal—scalable oversight, debate, RLHF-plus—because interp alone can't verify superhuman intelligence or prevent instrumental convergence. Claims of it ""unlocking"" safety are hype; evidence shows partial wins at best, with massive unsolved hurdles. Bet everything on it, and we court disaster. Diversify now, or regret it when AGI misaligns.

Word counts:
Defensive: 142 words
Aggressive: 124 words",1320
